{"app":["/app-26bb6880584f9ae7db95.js"],"component---src-pages-404-js":["/component---src-pages-404-js-a025945d7781741572b8.js"],"component---src-pages-agency-js":["/component---src-pages-agency-js-6d64fcbbc434d6a70f87.js"],"component---src-pages-app-js":["/component---src-pages-app-js-bf74b40d3a23f3585b0f.js"],"component---src-pages-blog-js":["/component---src-pages-blog-js-aa965b74797710a2dce3.js"],"component---src-pages-crypto-js":["/component---src-pages-crypto-js-4922e233ab0a2d3fed51.js"],"component---src-pages-hosting-js":["/component---src-pages-hosting-js-1d0690d6d027facdffa4.js"],"component---src-pages-index-js":["/component---src-pages-index-js-9f3571300925a2e035ac.js"],"component---src-pages-page-2-js":["/component---src-pages-page-2-js-12ede09e33ca13ad0df2.js"],"component---src-pages-portfolio-js":["/component---src-pages-portfolio-js-348d740d215fd6a61fb3.js"],"component---src-pages-ride-js":["/component---src-pages-ride-js-636a8145964bc58c73e2.js"],"component---src-pages-saas-js":["/component---src-pages-saas-js-bf2181ed3faf2b5f8055.js"],"component---src-pages-saasclassic-js":["/component---src-pages-saasclassic-js-118253570edc72e51ed0.js"],"component---src-pages-saasmodern-js":["/component---src-pages-saasmodern-js-01d89db8b07476a7c0f2.js"]}