{"errors":[],"warnings":["chunk styles [mini-css-extract-plugin]\nConflicting order between:\n * css /home/moshu/Documents/Telic Solutions/Website/website/node_modules/gatsby/node_modules/css-loader??ref--12-oneOf-1-1!/home/moshu/Documents/Telic Solutions/Website/website/node_modules/gatsby/node_modules/postcss-loader/lib??postcss-2!/home/moshu/Documents/Telic Solutions/Website/website/node_modules/rc-tabs/assets/index.css\n * css /home/moshu/Documents/Telic Solutions/Website/website/node_modules/gatsby/node_modules/css-loader??ref--12-oneOf-1-1!/home/moshu/Documents/Telic Solutions/Website/website/node_modules/gatsby/node_modules/postcss-loader/lib??postcss-2!/home/moshu/Documents/Telic Solutions/Website/website/node_modules/react-accessible-accordion/dist/fancy-example.css"],"namedChunkGroups":{"app":{"chunks":[16,0,2],"assets":["webpack-runtime-9bd60748dcfcbd2487a4.js","webpack-runtime-9bd60748dcfcbd2487a4.js.map","commons.7d25e67db2c61e19cae7.css","commons-1e820ed1052686b2d17b.js","commons-1e820ed1052686b2d17b.js.map","app-26bb6880584f9ae7db95.js","app-26bb6880584f9ae7db95.js.map"],"children":{},"childAssets":{}},"component---src-pages-404-js":{"chunks":[0,1,3],"assets":["commons.7d25e67db2c61e19cae7.css","commons-1e820ed1052686b2d17b.js","commons-1e820ed1052686b2d17b.js.map","styles.e08b9848bd1afdc73c91.css","styles-2d28546d1e34eff44e0a.js","styles-2d28546d1e34eff44e0a.js.map","component---src-pages-404-js-a025945d7781741572b8.js","component---src-pages-404-js-a025945d7781741572b8.js.map"],"children":{},"childAssets":{}},"component---src-pages-agency-js":{"chunks":[0,1,4],"assets":["commons.7d25e67db2c61e19cae7.css","commons-1e820ed1052686b2d17b.js","commons-1e820ed1052686b2d17b.js.map","styles.e08b9848bd1afdc73c91.css","styles-2d28546d1e34eff44e0a.js","styles-2d28546d1e34eff44e0a.js.map","component---src-pages-agency-js-6d64fcbbc434d6a70f87.js","component---src-pages-agency-js-6d64fcbbc434d6a70f87.js.map"],"children":{},"childAssets":{}},"component---src-pages-app-js":{"chunks":[0,1,5],"assets":["commons.7d25e67db2c61e19cae7.css","commons-1e820ed1052686b2d17b.js","commons-1e820ed1052686b2d17b.js.map","styles.e08b9848bd1afdc73c91.css","styles-2d28546d1e34eff44e0a.js","styles-2d28546d1e34eff44e0a.js.map","component---src-pages-app-js-bf74b40d3a23f3585b0f.js","component---src-pages-app-js-bf74b40d3a23f3585b0f.js.map"],"children":{},"childAssets":{}},"component---src-pages-blog-js":{"chunks":[0,1,6],"assets":["commons.7d25e67db2c61e19cae7.css","commons-1e820ed1052686b2d17b.js","commons-1e820ed1052686b2d17b.js.map","styles.e08b9848bd1afdc73c91.css","styles-2d28546d1e34eff44e0a.js","styles-2d28546d1e34eff44e0a.js.map","component---src-pages-blog-js-aa965b74797710a2dce3.js","component---src-pages-blog-js-aa965b74797710a2dce3.js.map"],"children":{},"childAssets":{}},"component---src-pages-crypto-js":{"chunks":[0,1,7],"assets":["commons.7d25e67db2c61e19cae7.css","commons-1e820ed1052686b2d17b.js","commons-1e820ed1052686b2d17b.js.map","styles.e08b9848bd1afdc73c91.css","styles-2d28546d1e34eff44e0a.js","styles-2d28546d1e34eff44e0a.js.map","component---src-pages-crypto-js-4922e233ab0a2d3fed51.js","component---src-pages-crypto-js-4922e233ab0a2d3fed51.js.map"],"children":{},"childAssets":{}},"component---src-pages-hosting-js":{"chunks":[0,1,8],"assets":["commons.7d25e67db2c61e19cae7.css","commons-1e820ed1052686b2d17b.js","commons-1e820ed1052686b2d17b.js.map","styles.e08b9848bd1afdc73c91.css","styles-2d28546d1e34eff44e0a.js","styles-2d28546d1e34eff44e0a.js.map","component---src-pages-hosting-js-1d0690d6d027facdffa4.js","component---src-pages-hosting-js-1d0690d6d027facdffa4.js.map"],"children":{},"childAssets":{}},"component---src-pages-index-js":{"chunks":[0,1,9],"assets":["commons.7d25e67db2c61e19cae7.css","commons-1e820ed1052686b2d17b.js","commons-1e820ed1052686b2d17b.js.map","styles.e08b9848bd1afdc73c91.css","styles-2d28546d1e34eff44e0a.js","styles-2d28546d1e34eff44e0a.js.map","component---src-pages-index-js-9f3571300925a2e035ac.js","component---src-pages-index-js-9f3571300925a2e035ac.js.map"],"children":{},"childAssets":{}},"component---src-pages-page-2-js":{"chunks":[0,1,10],"assets":["commons.7d25e67db2c61e19cae7.css","commons-1e820ed1052686b2d17b.js","commons-1e820ed1052686b2d17b.js.map","styles.e08b9848bd1afdc73c91.css","styles-2d28546d1e34eff44e0a.js","styles-2d28546d1e34eff44e0a.js.map","component---src-pages-page-2-js-12ede09e33ca13ad0df2.js","component---src-pages-page-2-js-12ede09e33ca13ad0df2.js.map"],"children":{},"childAssets":{}},"component---src-pages-portfolio-js":{"chunks":[0,11],"assets":["commons.7d25e67db2c61e19cae7.css","commons-1e820ed1052686b2d17b.js","commons-1e820ed1052686b2d17b.js.map","component---src-pages-portfolio-js-348d740d215fd6a61fb3.js","component---src-pages-portfolio-js-348d740d215fd6a61fb3.js.map"],"children":{},"childAssets":{}},"component---src-pages-ride-js":{"chunks":[0,1,12],"assets":["commons.7d25e67db2c61e19cae7.css","commons-1e820ed1052686b2d17b.js","commons-1e820ed1052686b2d17b.js.map","styles.e08b9848bd1afdc73c91.css","styles-2d28546d1e34eff44e0a.js","styles-2d28546d1e34eff44e0a.js.map","component---src-pages-ride-js-636a8145964bc58c73e2.js","component---src-pages-ride-js-636a8145964bc58c73e2.js.map"],"children":{},"childAssets":{}},"component---src-pages-saas-js":{"chunks":[0,1,13],"assets":["commons.7d25e67db2c61e19cae7.css","commons-1e820ed1052686b2d17b.js","commons-1e820ed1052686b2d17b.js.map","styles.e08b9848bd1afdc73c91.css","styles-2d28546d1e34eff44e0a.js","styles-2d28546d1e34eff44e0a.js.map","component---src-pages-saas-js-bf2181ed3faf2b5f8055.js","component---src-pages-saas-js-bf2181ed3faf2b5f8055.js.map"],"children":{},"childAssets":{}},"component---src-pages-saasclassic-js":{"chunks":[0,1,14],"assets":["commons.7d25e67db2c61e19cae7.css","commons-1e820ed1052686b2d17b.js","commons-1e820ed1052686b2d17b.js.map","styles.e08b9848bd1afdc73c91.css","styles-2d28546d1e34eff44e0a.js","styles-2d28546d1e34eff44e0a.js.map","component---src-pages-saasclassic-js-118253570edc72e51ed0.js","component---src-pages-saasclassic-js-118253570edc72e51ed0.js.map"],"children":{},"childAssets":{}},"component---src-pages-saasmodern-js":{"chunks":[0,1,15],"assets":["commons.7d25e67db2c61e19cae7.css","commons-1e820ed1052686b2d17b.js","commons-1e820ed1052686b2d17b.js.map","styles.e08b9848bd1afdc73c91.css","styles-2d28546d1e34eff44e0a.js","styles-2d28546d1e34eff44e0a.js.map","component---src-pages-saasmodern-js-01d89db8b07476a7c0f2.js","component---src-pages-saasmodern-js-01d89db8b07476a7c0f2.js.map"],"children":{},"childAssets":{}}},"assetsByChunkName":{"app":["webpack-runtime-9bd60748dcfcbd2487a4.js","commons.7d25e67db2c61e19cae7.css","commons-1e820ed1052686b2d17b.js","app-26bb6880584f9ae7db95.js"],"component---src-pages-404-js":["commons.7d25e67db2c61e19cae7.css","commons-1e820ed1052686b2d17b.js","styles.e08b9848bd1afdc73c91.css","styles-2d28546d1e34eff44e0a.js","component---src-pages-404-js-a025945d7781741572b8.js"],"component---src-pages-agency-js":["commons.7d25e67db2c61e19cae7.css","commons-1e820ed1052686b2d17b.js","styles.e08b9848bd1afdc73c91.css","styles-2d28546d1e34eff44e0a.js","component---src-pages-agency-js-6d64fcbbc434d6a70f87.js"],"component---src-pages-app-js":["commons.7d25e67db2c61e19cae7.css","commons-1e820ed1052686b2d17b.js","styles.e08b9848bd1afdc73c91.css","styles-2d28546d1e34eff44e0a.js","component---src-pages-app-js-bf74b40d3a23f3585b0f.js"],"component---src-pages-blog-js":["commons.7d25e67db2c61e19cae7.css","commons-1e820ed1052686b2d17b.js","styles.e08b9848bd1afdc73c91.css","styles-2d28546d1e34eff44e0a.js","component---src-pages-blog-js-aa965b74797710a2dce3.js"],"component---src-pages-crypto-js":["commons.7d25e67db2c61e19cae7.css","commons-1e820ed1052686b2d17b.js","styles.e08b9848bd1afdc73c91.css","styles-2d28546d1e34eff44e0a.js","component---src-pages-crypto-js-4922e233ab0a2d3fed51.js"],"component---src-pages-hosting-js":["commons.7d25e67db2c61e19cae7.css","commons-1e820ed1052686b2d17b.js","styles.e08b9848bd1afdc73c91.css","styles-2d28546d1e34eff44e0a.js","component---src-pages-hosting-js-1d0690d6d027facdffa4.js"],"component---src-pages-index-js":["commons.7d25e67db2c61e19cae7.css","commons-1e820ed1052686b2d17b.js","styles.e08b9848bd1afdc73c91.css","styles-2d28546d1e34eff44e0a.js","component---src-pages-index-js-9f3571300925a2e035ac.js"],"component---src-pages-page-2-js":["commons.7d25e67db2c61e19cae7.css","commons-1e820ed1052686b2d17b.js","styles.e08b9848bd1afdc73c91.css","styles-2d28546d1e34eff44e0a.js","component---src-pages-page-2-js-12ede09e33ca13ad0df2.js"],"component---src-pages-portfolio-js":["commons.7d25e67db2c61e19cae7.css","commons-1e820ed1052686b2d17b.js","component---src-pages-portfolio-js-348d740d215fd6a61fb3.js"],"component---src-pages-ride-js":["commons.7d25e67db2c61e19cae7.css","commons-1e820ed1052686b2d17b.js","styles.e08b9848bd1afdc73c91.css","styles-2d28546d1e34eff44e0a.js","component---src-pages-ride-js-636a8145964bc58c73e2.js"],"component---src-pages-saas-js":["commons.7d25e67db2c61e19cae7.css","commons-1e820ed1052686b2d17b.js","styles.e08b9848bd1afdc73c91.css","styles-2d28546d1e34eff44e0a.js","component---src-pages-saas-js-bf2181ed3faf2b5f8055.js"],"component---src-pages-saasclassic-js":["commons.7d25e67db2c61e19cae7.css","commons-1e820ed1052686b2d17b.js","styles.e08b9848bd1afdc73c91.css","styles-2d28546d1e34eff44e0a.js","component---src-pages-saasclassic-js-118253570edc72e51ed0.js"],"component---src-pages-saasmodern-js":["commons.7d25e67db2c61e19cae7.css","commons-1e820ed1052686b2d17b.js","styles.e08b9848bd1afdc73c91.css","styles-2d28546d1e34eff44e0a.js","component---src-pages-saasmodern-js-01d89db8b07476a7c0f2.js"]}}